priority	guideline_id	mechanism_id	decision	recommended_action	evidence_gaps	assigned_case_count	primary_hcvr_majority	primary_hcvr_purity	cwe_majority	cwe_purity	main_issue
1	gl_mech_0001	mech_temp_file_delete_mkdir_race	split	split_mechanism_boundary	candidate_split_validation,case_to_split_bucket_assignment,mechanism_boundary,mixed_membership_boundary,source_level_trace_evidence,split_specific_source_sink_guard	8	toctou_check_use_race	0.6250	unspecified	1.0000	The createTempFile-delete-mkdir TOCTOU mechanism is well supported for five cases, but three file_permission_temp_resource cases have no evidence of that sequence and may instead concern insecure temporary-file permissions or sensitive-data exposure.
2	gl_mech_0022	mech_xml_external_entity_resolution	split	split_mechanism_boundary	candidate_split_validation,case_to_split_bucket_assignment,mechanism_boundary,mixed_membership_boundary,source_level_trace_evidence,split_specific_source_sink_guard	13	unspecified	0.4615	unspecified	0.5385	The core XXE mechanism is coherent and well described, but the assigned set is explicitly mixed: several cases lack source-level evidence of external-entity resolution, while XPath-expression handling and other XML-related validation/deserialization issues do not necessarily share the same parser-resolution sink or safe fix.
3	gl_mech_0116	mech_ssrf_redirect_following_client	split	split_mechanism_boundary	candidate_split_validation,case_to_split_bucket_assignment,mechanism_boundary,source_level_trace_evidence,split_specific_source_sink_guard	15	ssrf	0.9333	unspecified	1.0000	The guideline is actionable for redirect-based SSRF, but the supplied cases primarily show direct unvalidated outbound URLs, renderer-triggered external-resource fetching, or credential/trust-boundary misuse; they do not establish redirect following or missing per-hop redirect revalidation as their shared mechanism.
4	gl_mech_0007	mech_ssrf_webhook_url_fetch	revise	revise_mechanism_text_from_evidence	mechanism_scope_correction,safe_fix_semantics,source_level_trace_evidence,strong_positive_source_sink_guard	1	ssrf	1.0000	unspecified	1.0000	The assigned case confirms a generic attacker-controlled download URL reaching URL.openStream, but the guideline is overly framed around webhook/callback flows and its claimed four-case basis is not evidenced in this payload.
5	gl_mech_0011	mech_path_traversal_missing_canonical_prefix	revise	revise_mechanism_text_from_evidence	candidate_split_validation,mechanism_scope_correction,mixed_membership_boundary,safe_fix_semantics,source_level_trace_evidence,strong_positive_source_sink_guard	14	iris	0.5000	unspecified	0.7143	The evidenced cases coherently describe archive-entry path traversal leading to writes outside an extraction root, but the cluster summary also includes distinct infinite-loop/null-cycle failures and several listed cases lack source-to-sink evidence. The guideline should be narrowed to archive extraction and explicitly cover separator normalization and symlink-aware containment.
6	gl_mech_0015	mech_temp_file_delete_mkdir_race	revise	revise_mechanism_text_from_evidence	mechanism_scope_correction,safe_fix_semantics,source_level_trace_evidence,strong_positive_source_sink_guard	1	toctou_check_use_race	1.0000	unspecified	1.0000	The sole anchor supports a same-path existence-check-to-file-creation/write race during archive extraction, but the guideline specializes it into a Java createTempFile-delete-mkdir temporary-directory sequence that is not evidenced by this case.
7	gl_mech_0061	mech_open_redirect_unsafe_uri_scheme	revise	revise_mechanism_text_from_evidence	mechanism_scope_correction,safe_fix_semantics,source_level_trace_evidence,strong_positive_source_sink_guard	9	open_redirect	0.8889	unspecified	1.0000	The cases coherently concern untrusted redirect destinations reaching browser/server redirect sinks without a final canonical destination check, but the group name and wording over-focus on unsafe URI schemes. Several cases are unrestricted external redirects or weak host/path matching rather than scheme-only bypasses.
8	gl_mech_0117	mech_ssrf_webhook_url_fetch	revise	revise_mechanism_text_from_evidence	mechanism_scope_correction,safe_fix_semantics,source_level_trace_evidence,strong_positive_source_sink_guard	22	ssrf	1.0000	unspecified	1.0000	The concrete cases support attacker-influenced outbound URL handling and incomplete destination policy enforcement, but the group is over-scoped as webhook/callback fetching and several listed cases provide only retrieval-anchor provenance rather than source-to-sink mechanism evidence.
9	gl_mech_0005	mech_path_traversal_missing_canonical_prefix	needs_evidence	collect_source_sink_guard_evidence	case_source_shape,missing_guard,mixed_membership_boundary,safe_fix_semantics,sink_or_sensitive_effect,source_level_trace_evidence	18	path_archive_traversal	0.6111	unspecified	0.9444	The stated mechanism is coherent and actionable, but most displayed cases provide only patch-derived review windows rather than source-to-sink evidence; the group also carries a mixed-label warning and an unsubstantiated claim of unrelated outliers.
10	gl_mech_0040	mech_template_expression_untrusted_eval	needs_evidence	collect_source_sink_guard_evidence	candidate_split_validation,case_source_shape,missing_guard,safe_fix_semantics,sink_or_sensitive_effect,source_level_trace_evidence	10	template_expression_injection	0.8000	unspecified	1.0000	The guideline is a sound generic template/EL-injection review pattern, but the supplied anchors and trace notes do not establish its source-to-evaluator mechanism for most assigned cases. Several anchors are validation/configuration classes with no visible template or expression sink, and the evidence explicitly says it is not exploit proof.
11	review_mech_0017	pending_mech_cluster_2_missing_or_insufficient_path_validation_for_file_and_resource_access	needs_evidence	collect_source_sink_guard_evidence	case_source_shape,missing_guard,mixed_membership_boundary,safe_fix_semantics,sink_or_sensitive_effect,source_level_trace_evidence	5	path_archive_traversal	0.6000	unspecified	1.0000	The proposed guideline is a generic missing-guard template rather than a path-traversal mechanism, and the supplied anchors contain no source snippets, dataflow, sink, or patch rationale to establish that the five cases share file-path construction and containment failure.
12	review_mech_0509	pending_mech_cluster_89_authentication_bypass_and_token_validation_flaws	needs_evidence	collect_source_sink_guard_evidence	candidate_split_validation,case_source_shape,missing_guard,safe_fix_semantics,sink_or_sensitive_effect,source_level_trace_evidence	4	authentication_session_token_validation	1.0000	unspecified	1.0000	The proposed mechanism is an over-broad missing-guard template. The payload provides only generic labels and patch-derived review windows, not the source/patch semantics needed to establish a shared source, sink, absent guard, exploit precondition, or safe fix across these cases.
13	review_mech_0513	pending_mech_cluster_89_jwt_signature_verification_and_algorithm_handling_failures	needs_evidence	collect_source_sink_guard_evidence	case_source_shape,missing_guard,safe_fix_semantics,sink_or_sensitive_effect,source_level_trace_evidence	4	authentication_session_token_validation	1.0000	unspecified	0.7500	The intended JWT signature/algorithm-validation mechanism is plausible, but only one case provides source-level confirmation. The other three provide review-window anchors without showing the actual unsafe parser, accepted algorithm, missing verification step, security boundary, or fix, while the cluster summary introduces unsupported mechanisms such as timing side channels and weak PRNGs.
14	review_mech_0514	pending_mech_cluster_89_missing_validation_in_authentication_authorization_flows	needs_evidence	collect_source_sink_guard_evidence	candidate_split_validation,case_source_shape,missing_guard,mixed_membership_boundary,safe_fix_semantics,sink_or_sensitive_effect,source_level_trace_evidence	7	authentication_session_token_validation	0.5714	unspecified	0.7143	The proposed mechanism is too broad and the supplied evidence only substantiates distinct authentication-state failures in two cases; it does not establish that the authorization-bypass cases, JWT/session cases, and claimed cryptographic or timing issues share one source-to-sink guard failure.
15	gl_mech_0006	mech_request_body_resource_mismatch_authz	needs_evidence	collect_source_sink_guard_evidence	assigned_case_examples,case_source_shape,missing_guard,safe_fix_semantics,sink_or_sensitive_effect	0	n/a	0.0000	n/a	0.0000	The guideline states a coherent request-body resource-identity mismatch authorization mechanism, but no assigned case evidence is available to establish that the two historical CVEs actually share this source, authorization scope, sink, and missing-guard shape.
16	gl_mech_0008	mech_temp_file_delete_mkdir_race	needs_evidence	collect_source_sink_guard_evidence	assigned_case_examples,case_source_shape,missing_guard,safe_fix_semantics,sink_or_sensitive_effect	0	n/a	0.0000	n/a	0.0000	The guideline describes a coherent and actionable delete-then-mkdir temporary-directory TOCTOU mechanism, but no assigned case evidence is provided to establish that it accurately represents the intended group.
17	gl_mech_0009	mech_template_expression_untrusted_eval	needs_evidence	collect_source_sink_guard_evidence	assigned_case_examples,case_source_shape,missing_guard,safe_fix_semantics,sink_or_sensitive_effect	0	n/a	0.0000	n/a	0.0000	No assigned case metadata or examples are available, and the supplied cluster summary describes path/resource traversal rather than template or expression evaluation.
18	gl_mech_0012	mech_html_sanitizer_policy_gap	needs_evidence	collect_source_sink_guard_evidence	assigned_case_examples,case_source_shape,missing_guard,safe_fix_semantics,sink_or_sensitive_effect	0	n/a	0.0000	n/a	0.0000	The sanitizer-policy guideline is internally actionable, but no case-level evidence is provided and the cluster summary combines CSV formula injection, stored XSS, and response-header XSS rather than establishing a shared HTML-sanitizer bypass mechanism.
19	gl_mech_0004	mech_object_owner_scope_missing_authz	accept	keep_as_control_group	control_case_invariant,source_level_trace_evidence	1	authorization_bypass	1.0000	CWE-863	1.0000	The sole case directly matches missing authorization bound to the exact affected object: a creator can overwrite an existing same-name item that is hidden from them. The cluster summary is inconsistent with this authorization mechanism, but it does not undermine this one-case guideline group.
20	gl_mech_0010	mech_archive_symlink_extraction_escape	accept	keep_as_control_group	control_case_invariant	1	iris	1.0000	unspecified	1.0000	The single case directly supports the stated archive-created or pre-existing symlink-following write mechanism; physical extraction order is an important exploit precondition and is already captured by the guideline.
