proposal_id	proposal_kind	review_status	source_guideline_id	target_mechanism_id	source_mechanism_id	candidate_mechanism_id	candidate_name	candidate_keywords	example_misses	main_issue
proposal_f7a4a9207692	candidate_new_mechanism	needs_human_source_validation	gl_mech_0082	n/a	mech_privileged_server_side_capability_exposed	candidate_mech_missing_or_inactive_sanitizer_allowlist_filter_in_restricted_html_cleani	Missing or inactive sanitizer/allowlist filter in restricted HTML-cleaning configurations, including unsafe elements, at	sanitizer,allowlist,html-cleaning,inactive,filter,restricted,configurations,including,unsafe,elements,attributes,uri	hibernate__hibernate-validator::CVE-2019-10219,xwiki__xwiki-commons::CVE-2023-29201,xwiki__xwiki-commons::CVE-2023-29528	The stated authorization mechanism is unsupported by every example: all three anchors concern HTML cleaning or SafeHtml sanitization, with missing or incomplete sanitizer behavior, not lower-privilege callers invoking server-side capabilities without an authorization check.
proposal_346ac0b064b3	candidate_new_mechanism	needs_human_source_validation	gl_mech_0082	n/a	mech_privileged_server_side_capability_exposed	candidate_mech_parser_normalization_serialization_or_comment_handling_discrepancies_tha	Parser, normalization, serialization, or comment-handling discrepancies that preserve attacker-controlled markup despite	markup,sanitizer,parser,normalization,serialization,comment-handling,discrepancies,preserve,attacker-controlled,despite,restricted-mode,cleaning	hibernate__hibernate-validator::CVE-2019-10219,xwiki__xwiki-commons::CVE-2023-29201,xwiki__xwiki-commons::CVE-2023-29528	The stated authorization mechanism is unsupported by every example: all three anchors concern HTML cleaning or SafeHtml sanitization, with missing or incomplete sanitizer behavior, not lower-privilege callers invoking server-side capabilities without an authorization check.
proposal_c8bd17bd201e	candidate_new_mechanism	needs_human_source_validation	gl_mech_0082	n/a	mech_privileged_server_side_capability_exposed	candidate_mech_safehtml_validator_policy_gaps_specific_to_hibernate_validator_if_the_ex	SafeHtml validator policy gaps specific to Hibernate Validator, if the exact rejected construct and post-fix policy are	policy,safehtml,validator,sanitizer,gaps,specific,hibernate,exact,rejected,construct,post-fix,confirmed	hibernate__hibernate-validator::CVE-2019-10219,xwiki__xwiki-commons::CVE-2023-29201,xwiki__xwiki-commons::CVE-2023-29528	The stated authorization mechanism is unsupported by every example: all three anchors concern HTML cleaning or SafeHtml sanitization, with missing or incomplete sanitizer behavior, not lower-privilege callers invoking server-side capabilities without an authorization check.
proposal_e99f93cf6401	candidate_new_mechanism	needs_human_source_validation	gl_mech_0075	n/a	mech_jndi_untrusted_lookup_target	candidate_mech_ldap_filter_or_distinguished_name_injection_through_unescaped_attacker_c	LDAP filter or distinguished-name injection through unescaped attacker-controlled values	ldap,filter,injection,trace,lookup,policy,distinguished-name,unescaped,attacker-controlled,split,group,distinct	gocd__gocd-ldap-authentication-plugin::CVE-2022-24832,jdhwpgmbca__pcapture::CVE-2021-39196	The assigned cases do not evidence attacker-controlled JNDI or remote lookup targets. One concerns LDAP filter construction/escaping, while the other is an authorization bypass caused by treating an unknown capture-filter type as an unrestricted null filter.
proposal_7828efbdc220	candidate_new_mechanism	needs_human_source_validation	gl_mech_0075	n/a	mech_jndi_untrusted_lookup_target	candidate_mech_authorization_bypass_when_an_unknown_requested_policy_filter_identifier_	Authorization bypass when an unknown requested policy/filter identifier resolves to null and is treated as unrestricted	policy,ldap,authorization,bypass,unknown,filter,null,unrestricted,trace,lookup,requested,identifier	gocd__gocd-ldap-authentication-plugin::CVE-2022-24832,jdhwpgmbca__pcapture::CVE-2021-39196	The assigned cases do not evidence attacker-controlled JNDI or remote lookup targets. One concerns LDAP filter construction/escaping, while the other is an authorization bypass caused by treating an unknown capture-filter type as an unrestricted null filter.
proposal_f1a3ccfb8804	candidate_new_mechanism	needs_human_source_validation	gl_mech_0005	n/a	mech_temp_file_delete_mkdir_race	candidate_mech_temporary_resource_toctou	Temporary-resource TOCTOU	name,file,creates,directory,temporary,release,then,mkdir,mkdirs,otherwise,same,pathname	centic9__jgit-cookbook::CVE-2022-4817,devent__globalpom-utils::CVE-2018-25068,junit-team__junit4::CVE-2020-15250,manydesigns__portofino::CVE-2022-3952,netty__netty::CVE-2022-24823,openkm__document-management-system::CVE-2022-3969,pgjdbc__pgjdbc::CVE-2022-41946,swagger-api__swagger-codegen::CVE-2021-21363	The guideline accurately captures a concrete createTempFile-delete-mkdir TOCTOU mechanism, but only four listed cases provide evidence for that sequence. The other four are labeled as temporary-resource permission cases with no supplied source or patch evidence tying them to a released-path race, so the group conflates two distinct mechanisms.
proposal_133b5be5a405	candidate_new_mechanism	needs_human_source_validation	gl_mech_0005	n/a	mech_temp_file_delete_mkdir_race	candidate_mech_temporary_resource_permissions	Temporary-resource permissions	permissions,name,creates,directory,temporary,created,file,temporary-resource,files,directories,overly,broad	centic9__jgit-cookbook::CVE-2022-4817,devent__globalpom-utils::CVE-2018-25068,junit-team__junit4::CVE-2020-15250,manydesigns__portofino::CVE-2022-3952,netty__netty::CVE-2022-24823,openkm__document-management-system::CVE-2022-3969,pgjdbc__pgjdbc::CVE-2022-41946,swagger-api__swagger-codegen::CVE-2021-21363	The guideline accurately captures a concrete createTempFile-delete-mkdir TOCTOU mechanism, but only four listed cases provide evidence for that sequence. The other four are labeled as temporary-resource permission cases with no supplied source or patch evidence tying them to a released-path race, so the group conflates two distinct mechanisms.
proposal_2047ef0974b9	candidate_new_mechanism	needs_human_source_validation	gl_mech_0007	n/a	mech_path_traversal_missing_canonical_prefix	candidate_mech_archive_entry_name_controls_a_resolved_extraction_target_outside_the_int	Archive entry name controls a resolved extraction target outside the intended root because containment is absent or inco	extraction,root,archive,entry,name,target,outside,intended,filesystem,links,controls,resolved	bspkrs__mcpmappingviewer::CVE-2022-4494,cbeust__testng::CVE-2022-4065,codehaus-plexus__plexus-archiver::CVE-2018-1002200,codehaus-plexus__plexus-archiver::CVE-2023-37460,davemckain__qtiworks::CVE-2022-39367,diffplug__goomph::CVE-2022-26049,drogatkin__tjws2::CVE-2022-4594,dspace__dspace::CVE-2022-31195,fusesource__hawtjni::CVE-2013-2035,gradle__gradle::CVE-2023-44387	The group mixes direct archive-entry traversal caused by missing or insufficient destination containment checks with a distinct symlink-following overwrite mechanism that can remain exploitable even after lexical/canonical containment validation. Several assigned cases provide only line anchors, so their membership cannot be confirmed from the supplied evidence.
proposal_2661f62cd724	candidate_new_mechanism	needs_human_source_validation	gl_mech_0007	n/a	mech_path_traversal_missing_canonical_prefix	candidate_mech_archive_extraction_writes_through_an_existing_or_earlier_archive_created	Archive extraction writes through an existing or earlier archive-created symbolic link despite lexical/canonical target	extraction,archive,root,writes,existing,archive-created,symbolic,link,target,filesystem,links,earlier	bspkrs__mcpmappingviewer::CVE-2022-4494,cbeust__testng::CVE-2022-4065,codehaus-plexus__plexus-archiver::CVE-2018-1002200,codehaus-plexus__plexus-archiver::CVE-2023-37460,davemckain__qtiworks::CVE-2022-39367,diffplug__goomph::CVE-2022-26049,drogatkin__tjws2::CVE-2022-4594,dspace__dspace::CVE-2022-31195,fusesource__hawtjni::CVE-2013-2035,gradle__gradle::CVE-2023-44387	The group mixes direct archive-entry traversal caused by missing or insufficient destination containment checks with a distinct symlink-following overwrite mechanism that can remain exploitable even after lexical/canonical containment validation. Several assigned cases provide only line anchors, so their membership cannot be confirmed from the supplied evidence.
proposal_e4e0df397297	candidate_mechanism_revision	needs_human_source_validation	gl_mech_0001	mech_deserialization_untrusted_type_graph	n/a	n/a	n/a	external,schema,resolution,resolver,trace,attacker-controlled,xml,documents,parser,transformer,resource-loading,configuration	archimatetool__archi::CVE-2023-40235	The assigned case is anchored in an XML resource factory and the cluster summary describes insecure XML processing/XXE, while the guideline describes attacker-controlled object-graph deserialization; these are different source-to-sink mechanisms.
proposal_9f1540b58534	candidate_mechanism_revision	needs_human_source_validation	gl_mech_0009	mech_object_owner_scope_missing_authz	n/a	n/a	n/a	paths,evaluation,expression,context,data,trace,attacker-controlled,template,text,fragments,property,reinterpreted	hubspot__jinjava::CVE-2026-25526	The sole case is labeled template_expression_injection and the cluster summary describes unsafe expression evaluation, while the guideline describes missing object-owner or tenant-scope authorization. These are different source, sink, guard, and fix mechanisms.
proposal_0e79f4b1aef1	candidate_mechanism_revision	needs_human_source_validation	gl_mech_0118	mech_toctou_mutable_object_reuse	n/a	n/a	n/a	allocation,input,memory,bound,arithmetic,oversized,work,expansion,trace,size,length,count	fasterxml__jackson-dataformats-binary::CVE-2020-28491,rabbitmq__rabbitmq-java-client::CVE-2023-46120,xerial__snappy-java::CVE-2023-34455	The assigned cases consistently concern attacker-controlled binary-input size or length metadata driving parsing, allocation, buffering, decompression, or frame handling without effective bounds; the current guideline instead describes TOCTOU on mutable state, which is not evidenced by these cases.
proposal_fc336c876810	candidate_mechanism_revision	needs_human_source_validation	gl_mech_0084	pending_mech_cluster_16_incomplete_dom_node_handling_in_sanitization	n/a	n/a	n/a	child,original,nodes,remove,container,sanitize,every,node,first,sanitizing,security-sensitive,dom	nahsra__antisamy::CVE-2022-28367,nahsra__antisamy::CVE-2022-29577	The two cases share one coherent sanitizer-bypass mechanism, but the guideline begins with an overbroad generic source-to-sink template and does not clearly define the critical invariant: every attacker-controlled child node in a security-sensitive container must be included in sanitization or removed before the sanitized container is emitted.
proposal_a3bd9c359db7	candidate_mechanism_revision	needs_human_source_validation	gl_mech_0017	pending_mech_cluster_4_missing_allow_list_for_inline_content_disposition_leading_to_xss	n/a	n/a	n/a	inline,file,content,metadata,select,content-disposition,types,audit,file-download,endpoints,stream,stored	cuba-platform__jpawebapi::CVE-2025-32961,cuba-platform__restapi::CVE-2025-32960	Both supplied cases share a clear stored-file download mechanism: a request-controlled attachment/inline choice allows browser-renderable content to be served inline without an extension/MIME allow-list. The guideline text is overly generic and does not name the concrete response-header source, browser-rendering sink, attacker precondition, or audit checks.
proposal_b1cb57a3fb6c	candidate_mechanism_revision	needs_human_source_validation	gl_mech_0073	pending_mech_cluster_14_sql_injection_mitigated_by_input_escaping	n/a	n/a	n/a	sql,fields,fragments,require,binding,identify,statements,assembled,attacker-controlled,request,filters,identifiers	dashbuilder__dashbuilder::CVE-2016-4999,dhis2__dhis2-core::CVE-2022-24848,geoserver__geoserver::CVE-2023-25157	The assigned cases are consistently SQL-injection related, but the guideline is over-broad, introduces unrelated mechanisms, and recommends fragile escaping or blacklist filtering instead of parameter binding and strict structural allowlisting.
proposal_820780a860f3	candidate_mechanism_revision	needs_human_source_validation	gl_mech_0129	mech_missing_authentication_before_privileged_action	n/a	n/a	n/a	artifacts,session,identity,claims,principal,artifact,required,validation,client,trace,externally,supplied	booklore-app__booklore::CVE-2025-62614,dtstack__taier::CVE-2026-11618,geysermc__geyser::CVE-2021-39177,grassrootza__grassroot-platform::CVE-2021-29455,manydesigns__portofino::CVE-2021-29451,micronaut-projects__micronaut-security::CVE-2023-36820,openidentityplatform__openam::CVE-2023-37471,wildfly-security__wildfly-elytron::CVE-2024-12369	The cases mostly involve accepting an authentication artifact with incomplete cryptographic, protocol, audience, signature, or proof-of-possession validation, rather than wholly missing authentication before a privileged action. The current source-to-sink guard wording is too broad and misses the shared validation/binding mechanism.
proposal_ad9aa54b7b04	candidate_mechanism_revision	needs_human_source_validation	gl_mech_0002	mech_xml_external_entity_resolution	n/a	n/a	n/a	external,xml,parser,schema,transformer,instance,entities,dtd,access,resolver,external-access,trace	allure-framework__allure2::CVE-2025-52888,apache__cxf-fediz::CVE-2018-8038,aws_amplify__aws_sdk_android::CVE-2022-4725,bonitasoft__bonita-connector-webservice::CVE-2020-36640,dbeaver__dbeaver::CVE-2021-3836,gturri__axmlrpc::CVE-2020-36641,htmlunit__htmlunit::CVE-2023-26119,jmurty__java-xmlbuilder::CVE-2014-125087,kiegroup__jbpm-designer::CVE-2017-7545,powsybl__powsybl-core::CVE-2025-47293	The core XXE mechanism is coherent and well supported by several cases, but the guideline is overbroad: it treats XPath inputs and all XSLT processing as equivalent to XML external-resource resolution, while multiple assigned cases provide only patch-location or retrieval-entry evidence rather than source-to-sink proof. The cluster summary also admits unrelated XML mechanisms that should not be covered by this rule.
proposal_3be75a4a130e	evidence_collection_task	needs_case_evidence	gl_mech_0132	pending_mech_cluster_23_missing_cryptographic_token_verification	n/a	n/a	n/a	n/a	nimble-platform__common::CVE-2021-32631,pac4j__pac4j::CVE-2021-44878	Only the NIMBLE case supplies mechanism evidence for accepting JWT claims without signature verification; the pac4j case has no vulnerability description or trace evidence, and the claimed third historical case is absent. The current text is also overly generic and mixes unrelated missing-guard categories with cryptographic token verification.
proposal_87330456fe52	evidence_collection_task	needs_case_evidence	gl_mech_0087	pending_mech_cluster_16_missing_context_dependent_output_encoding	n/a	n/a	n/a	n/a	erudika__para::CVE-2022-1782,jstachio__jstachio::CVE-2023-33962,opentsdb__opentsdb::CVE-2023-36812	The proposed mechanism is plausible for the JStachio case, but two of the three assigned cases provide only patch-location anchors with no source-to-sink or context evidence. The guideline also begins as a generic missing-guard template rather than a specific output-encoding mechanism.
proposal_58560f1ad3e5	evidence_collection_task	needs_case_evidence	gl_mech_0006	pending_mech_cluster_1_insecure_default_permissions_on_temporary_files_created_with_file_crea	n/a	n/a	n/a	n/a	codelibs__fess::CVE-2025-48382,tdunning__pig-vector::CVE-2022-4641	The intended temporary-resource permission mechanism is plausible, but neither case provides source behavior, patch semantics, or vulnerability description establishing that both create attacker-reachable temporary resources with unsafe permissions. The cluster summary also conflates permission exposure with non-atomic directory-creation TOCTOU, which are distinct mechanisms.
proposal_4e7935acda2b	evidence_collection_task	needs_case_evidence	gl_mech_0050	mech_jndi_untrusted_lookup_target	n/a	n/a	n/a	n/a	apache__axis-axis1-java::CVE-2023-51441,dataease__dataease::CVE-2025-58045	The guideline is a coherent and actionable JNDI untrusted-lookup-target mechanism, but only the Axis case provides source-to-sink evidence. The DataEase case supplies patch-backed retrieval provenance only and does not establish JNDI, JDBC URL injection, SQL concatenation, or any shared vulnerable path.
proposal_ad221ceb9b4c	evidence_collection_task	needs_case_evidence	gl_mech_0008	mech_bean_property_reflection_escape	n/a	n/a	n/a	n/a	hubspot__jinjava::CVE-2025-59340	The sole case is labeled template-expression injection, while the guideline describes bean-binding and reflective meta-property exposure; the payload provides no source-to-sink evidence that the CVE is actually a binding/reflection escape.
proposal_7b7287751edc	evidence_collection_task	needs_case_evidence	gl_mech_0068	pending_mech_cluster_13_direct_string_concatenation_into_sql_query	n/a	n/a	n/a	n/a	kyuubl__school-register::CVE-2015-10047,ssn2013__cis450project::CVE-2015-10020,tbezman__school-store::CVE-2014-125047	The stated SQL-concatenation mechanism is plausible and the proposed parameterized-query fix is appropriate, but the supplied case records contain only file/hunk locations with no code, traces, or vulnerability descriptions to confirm that all cases actually have attacker-controlled values concatenated into executable SQL.
proposal_3b2b4352d75f	evidence_collection_task	needs_case_evidence	gl_mech_0013	mech_path_traversal_missing_canonical_prefix	n/a	n/a	n/a	n/a	94fzb__zrlog-plugin-backup-sql-file::CVE-2024-57669,apache__jclouds::CVE-2025-24961,dspace__dspace::CVE-2022-31194,feiyuchuixue__sz-boot-parent::CVE-2026-3188,gaul__s3proxy::CVE-2025-24961,geowebcache__geowebcache::CVE-2024-24749,graylog2__graylog2-server::CVE-2023-41044,jlangch__venice::CVE-2022-36007,jmix-framework__jmix::CVE-2025-32950,obiba__opal::CVE-2025-27101	The guideline precisely describes traversal caused by resolving attacker-controlled path components without normalized containment, but most supplied cases provide only patch-anchor provenance rather than source-to-sink evidence. The cluster summary is also overbroad, mixing upload validation, XSS, SSRF, and disk-exhaustion mechanisms that do not belong to this path-containment mechanism.
proposal_776240a34ba6	evidence_collection_task	needs_case_evidence	gl_mech_0047	mech_deserialization_untrusted_type_graph	n/a	n/a	n/a	n/a	nationalsecurityagency__emissary::CVE-2021-32634,powsybl__powsybl-core::CVE-2025-47771	The proposed mechanism is coherent, but only the Powsybl case supplies direct evidence of an unfiltered ObjectInputStream.readObject() path; the Seata and Emissary anchors do not establish an attacker-controlled source, deserialization sink, or missing type constraint.
proposal_089723893718	recall_investigation_task	needs_same_identity_recall_debug	gl_mech_0010	mech_template_expression_untrusted_eval	n/a	n/a	n/a	n/a	ballcat_projects__ballcat_codegen::CVE-2022-24881,baomidou__dynamic-datasource::CVE-2026-7045,browserup__browserup-proxy::CVE-2020-26282,codecentric__spring-boot-admin::CVE-2022-46166,dropwizard__dropwizard::CVE-2020-11002,dropwizard__dropwizard::CVE-2020-5245,hibernate__hibernate-validator::CVE-2025-35036,hubspot__jinjava::CVE-2020-12668,jmrozanec__cron-utils::CVE-2021-41269	n/a
proposal_4be6641460c6	recall_investigation_task	needs_same_identity_recall_debug	gl_mech_0024	mech_ssrf_webhook_url_fetch	n/a	n/a	n/a	n/a	cbioportal__cbioportal::CVE-2024-41668,cc-tweaked__cc-tweaked::CVE-2023-37262,dhis2__dhis2-core::CVE-2022-41949,opencast__opencast::CVE-2025-54380,openhab__openhab-webui::CVE-2024-42467,plantuml__plantuml::CVE-2023-3432,stirling_tools__stirling_pdf::CVE-2025-55161,thinkgem__jeesite5::CVE-2025-7759,xwiki-contrib__macro-plantuml::CVE-2026-42140	n/a
proposal_7b6cd70c3258	recall_investigation_task	needs_same_identity_recall_debug	gl_mech_0021	mech_open_redirect_unsafe_uri_scheme	n/a	n/a	n/a	n/a	atjiu__pybbs::CVE-2025-8813,dspace__dspace::CVE-2022-31193,hs-web__hsweb-framework::CVE-2026-11477,keycloak__keycloak::CVE-2022-4361,sanluan__publiccms::CVE-2025-7949,spinnaker__spinnaker::CVE-2026-25534,xwiki__xwiki-platform::CVE-2025-32970	n/a
proposal_a370a6e66742	recall_investigation_task	needs_same_identity_recall_debug	gl_mech_0127	mech_missing_authentication_before_privileged_action	n/a	n/a	n/a	n/a	enonic__xp::CVE-2024-23679,metersphere__metersphere::CVE-2025-62604,webauthn4j__webauthn4j-spring-security::CVE-2023-45669	n/a
proposal_11e0e6d8aa74	recall_investigation_task	needs_same_identity_recall_debug	gl_mech_0186	mech_missing_authentication_before_privileged_action	n/a	n/a	n/a	n/a	jeecgboot__jeecgboot::CVE-2026-5616,theonedev__onedev::CVE-2021-21246	n/a
proposal_607aeeb0033c	recall_investigation_task	needs_same_identity_recall_debug	gl_mech_0012	mech_missing_authentication_before_privileged_action	n/a	n/a	n/a	n/a	feiyuchuixue__sz-boot-parent::CVE-2026-3189	n/a
proposal_92214272c907	recall_investigation_task	needs_same_identity_recall_debug	gl_mech_0022	mech_path_traversal_missing_canonical_prefix	n/a	n/a	n/a	n/a	snowflakedb__snowflake-jdbc::CVE-2025-24789	n/a
proposal_66149fbf0889	recall_investigation_task	needs_same_identity_recall_debug	gl_mech_0025	mech_missing_authentication_before_privileged_action	n/a	n/a	n/a	n/a	theonedev__onedev::CVE-2022-39205	n/a
proposal_caa3e3e4776c	recall_investigation_task	needs_same_identity_recall_debug	gl_mech_0032	mech_deserialization_untrusted_type_graph	n/a	n/a	n/a	n/a	4ra1n__super-xray::CVE-2022-41958	n/a
proposal_414f5a276c10	recall_investigation_task	needs_same_identity_recall_debug	gl_mech_0051	mech_open_redirect_unsafe_uri_scheme	n/a	n/a	n/a	n/a	dataease__dataease::CVE-2025-64163	n/a
proposal_81a219dd647d	recall_investigation_task	needs_same_identity_recall_debug	gl_mech_0076	mech_missing_authentication_before_privileged_action	n/a	n/a	n/a	n/a	openidentityplatform__opendj::CVE-2025-27497	n/a
proposal_af6343096db9	recall_investigation_task	needs_same_identity_recall_debug	gl_mech_0081	mech_path_traversal_missing_canonical_prefix	n/a	n/a	n/a	n/a	owasp__json-sanitizer::CVE-2021-23900	n/a
proposal_e0c6cd4ce2af	recall_investigation_task	needs_same_identity_recall_debug	gl_mech_0097	mech_ssrf_webhook_url_fetch	n/a	n/a	n/a	n/a	micronaut-projects__micronaut-core::CVE-2020-7611	n/a
proposal_74cb2aad1b2f	recall_investigation_task	needs_same_identity_recall_debug	gl_mech_0110	mech_request_body_resource_mismatch_authz	n/a	n/a	n/a	n/a	arm32x__command-block-ide::CVE-2024-48645	n/a
proposal_381f8a4c8329	recall_investigation_task	needs_same_identity_recall_debug	gl_mech_0140	mech_bean_property_reflection_escape	n/a	n/a	n/a	n/a	indeedeng__util::CVE-2020-36634	n/a
proposal_c0a00f790a16	recall_investigation_task	needs_same_identity_recall_debug	gl_mech_0141	mech_missing_authentication_before_privileged_action	n/a	n/a	n/a	n/a	dspace__dspace::CVE-2022-31192	n/a
proposal_a7440bb472fc	recall_investigation_task	needs_same_identity_recall_debug	gl_mech_0143	mech_ssrf_webhook_url_fetch	n/a	n/a	n/a	n/a	mapfish__mapfish-print::CVE-2020-15231	n/a
proposal_925f61ffdbb5	recall_investigation_task	needs_same_identity_recall_debug	gl_mech_0166	mech_template_expression_untrusted_eval	n/a	n/a	n/a	n/a	kiegroup__jbpm-wb::CVE-2013-6465	n/a
proposal_73f01e6f17d0	recall_investigation_task	needs_same_identity_recall_debug	gl_mech_0169	mech_xml_external_entity_resolution	n/a	n/a	n/a	n/a	alkacon__opencms-core::CVE-2023-31544	n/a
proposal_e022992393fb	recall_investigation_task	needs_same_identity_recall_debug	gl_mech_0177	mech_privileged_server_side_capability_exposed	n/a	n/a	n/a	n/a	xwiki__xwiki_platform::CVE-2022-23621	n/a
proposal_d2ccc0cad85b	recall_investigation_task	needs_same_identity_recall_debug	gl_mech_0188	mech_request_body_resource_mismatch_authz	n/a	n/a	n/a	n/a	apolloconfig__apollo::CVE-2024-43397	n/a
proposal_dc6b2dcf8e5f	recall_investigation_task	needs_same_identity_recall_debug	gl_mech_0190	mech_object_owner_scope_missing_authz	n/a	n/a	n/a	n/a	erudika__para::CVE-2022-1848	n/a
proposal_dcbd7beb9872	recall_investigation_task	needs_same_identity_recall_debug	gl_mech_0198	mech_object_owner_scope_missing_authz	n/a	n/a	n/a	n/a	xwiki-contrib__application-changerequest::CVE-2023-49280	n/a
proposal_18a4b64deb40	recall_investigation_task	needs_same_identity_recall_debug	gl_mech_0173	mech_template_expression_untrusted_eval	n/a	n/a	n/a	n/a	xwiki__xwiki-commons::CVE-2023-36471,xwiki__xwiki-commons::CVE-2024-31996,xwiki__xwiki-rendering::CVE-2025-66474,xwiki__xwiki_platform::CVE-2023-46731,xwiki__xwiki_platform::CVE-2024-31465,xwiki__xwiki_platform::CVE-2024-31982	n/a
proposal_8b6d165fb879	recall_investigation_task	needs_same_identity_recall_debug	gl_mech_0003	mech_object_owner_scope_missing_authz	n/a	n/a	n/a	n/a	cowtowncoder__java-merge-sort::CVE-2022-24913,snowflakedb__snowflake-jdbc::CVE-2025-24790,swagger-api__swagger-codegen::CVE-2021-21364	n/a
