guideline_id	mechanism_id	assigned_case_count	recall_joined_case_count	primary_budget	primary_hit_count	primary_hit_rate	baseline_primary_hit_count	delta_primary_hit_count	guideline_clean_enough	flags	attention	example_misses
gl_mech_0188	mech_request_body_resource_mismatch_authz	1	1	100	0	0.0000	1	-1	True	small_group	embedding_or_candidate_recall_attention,recall_regression_attention	apolloconfig__apollo::CVE-2024-43397
gl_mech_0010	mech_template_expression_untrusted_eval	9	0	100	0	0.0000	0	0	True	n/a	embedding_or_candidate_recall_attention,missing_recall_rows	ballcat_projects__ballcat_codegen::CVE-2022-24881,baomidou__dynamic-datasource::CVE-2026-7045,browserup__browserup-proxy::CVE-2020-26282,codecentric__spring-boot-admin::CVE-2022-46166,dropwizard__dropwizard::CVE-2020-11002,dropwizard__dropwizard::CVE-2020-5245,hibernate__hibernate-validator::CVE-2025-35036,hubspot__jinjava::CVE-2020-12668,jmrozanec__cron-utils::CVE-2021-41269
gl_mech_0024	mech_ssrf_webhook_url_fetch	9	0	100	0	0.0000	0	0	True	n/a	embedding_or_candidate_recall_attention,missing_recall_rows	cbioportal__cbioportal::CVE-2024-41668,cc-tweaked__cc-tweaked::CVE-2023-37262,dhis2__dhis2-core::CVE-2022-41949,opencast__opencast::CVE-2025-54380,openhab__openhab-webui::CVE-2024-42467,plantuml__plantuml::CVE-2023-3432,stirling_tools__stirling_pdf::CVE-2025-55161,thinkgem__jeesite5::CVE-2025-7759,xwiki-contrib__macro-plantuml::CVE-2026-42140
gl_mech_0021	mech_open_redirect_unsafe_uri_scheme	7	1	100	0	0.0000	0	0	True	n/a	embedding_or_candidate_recall_attention,missing_recall_rows	atjiu__pybbs::CVE-2025-8813,dspace__dspace::CVE-2022-31193,hs-web__hsweb-framework::CVE-2026-11477,keycloak__keycloak::CVE-2022-4361,sanluan__publiccms::CVE-2025-7949,spinnaker__spinnaker::CVE-2026-25534,xwiki__xwiki-platform::CVE-2025-32970
gl_mech_0127	mech_missing_authentication_before_privileged_action	3	0	100	0	0.0000	0	0	True	n/a	embedding_or_candidate_recall_attention,missing_recall_rows	enonic__xp::CVE-2024-23679,metersphere__metersphere::CVE-2025-62604,webauthn4j__webauthn4j-spring-security::CVE-2023-45669
gl_mech_0186	mech_missing_authentication_before_privileged_action	2	1	100	0	0.0000	0	0	True	n/a	embedding_or_candidate_recall_attention,missing_recall_rows	jeecgboot__jeecgboot::CVE-2026-5616,theonedev__onedev::CVE-2021-21246
gl_mech_0001	mech_deserialization_untrusted_type_graph	1	0	100	0	0.0000	0	0	True	small_group	embedding_or_candidate_recall_attention,missing_recall_rows	archimatetool__archi::CVE-2023-40235
gl_mech_0008	mech_bean_property_reflection_escape	1	0	100	0	0.0000	0	0	True	small_group	embedding_or_candidate_recall_attention,missing_recall_rows	hubspot__jinjava::CVE-2025-59340
gl_mech_0009	mech_object_owner_scope_missing_authz	1	0	100	0	0.0000	0	0	True	small_group	embedding_or_candidate_recall_attention,missing_recall_rows	hubspot__jinjava::CVE-2026-25526
gl_mech_0012	mech_missing_authentication_before_privileged_action	1	0	100	0	0.0000	0	0	True	small_group	embedding_or_candidate_recall_attention,missing_recall_rows	feiyuchuixue__sz-boot-parent::CVE-2026-3189
gl_mech_0022	mech_path_traversal_missing_canonical_prefix	1	0	100	0	0.0000	0	0	True	small_group	embedding_or_candidate_recall_attention,missing_recall_rows	snowflakedb__snowflake-jdbc::CVE-2025-24789
gl_mech_0025	mech_missing_authentication_before_privileged_action	1	0	100	0	0.0000	0	0	True	small_group	embedding_or_candidate_recall_attention,missing_recall_rows	theonedev__onedev::CVE-2022-39205
gl_mech_0032	mech_deserialization_untrusted_type_graph	1	0	100	0	0.0000	0	0	True	small_group	embedding_or_candidate_recall_attention,missing_recall_rows	4ra1n__super-xray::CVE-2022-41958
gl_mech_0051	mech_open_redirect_unsafe_uri_scheme	1	0	100	0	0.0000	0	0	True	small_group	embedding_or_candidate_recall_attention,missing_recall_rows	dataease__dataease::CVE-2025-64163
gl_mech_0076	mech_missing_authentication_before_privileged_action	1	0	100	0	0.0000	0	0	True	small_group	embedding_or_candidate_recall_attention,missing_recall_rows	openidentityplatform__opendj::CVE-2025-27497
gl_mech_0081	mech_path_traversal_missing_canonical_prefix	1	0	100	0	0.0000	0	0	True	small_group	embedding_or_candidate_recall_attention,missing_recall_rows	owasp__json-sanitizer::CVE-2021-23900
gl_mech_0097	mech_ssrf_webhook_url_fetch	1	0	100	0	0.0000	0	0	True	small_group	embedding_or_candidate_recall_attention,missing_recall_rows	micronaut-projects__micronaut-core::CVE-2020-7611
gl_mech_0110	mech_request_body_resource_mismatch_authz	1	0	100	0	0.0000	0	0	True	small_group	embedding_or_candidate_recall_attention,missing_recall_rows	arm32x__command-block-ide::CVE-2024-48645
gl_mech_0140	mech_bean_property_reflection_escape	1	0	100	0	0.0000	0	0	True	small_group	embedding_or_candidate_recall_attention,missing_recall_rows	indeedeng__util::CVE-2020-36634
gl_mech_0141	mech_missing_authentication_before_privileged_action	1	0	100	0	0.0000	0	0	True	small_group	embedding_or_candidate_recall_attention,missing_recall_rows	dspace__dspace::CVE-2022-31192
gl_mech_0143	mech_ssrf_webhook_url_fetch	1	0	100	0	0.0000	0	0	True	small_group	embedding_or_candidate_recall_attention,missing_recall_rows	mapfish__mapfish-print::CVE-2020-15231
gl_mech_0166	mech_template_expression_untrusted_eval	1	0	100	0	0.0000	0	0	True	small_group	embedding_or_candidate_recall_attention,missing_recall_rows	kiegroup__jbpm-wb::CVE-2013-6465
gl_mech_0169	mech_xml_external_entity_resolution	1	0	100	0	0.0000	0	0	True	small_group	embedding_or_candidate_recall_attention,missing_recall_rows	alkacon__opencms-core::CVE-2023-31544
gl_mech_0177	mech_privileged_server_side_capability_exposed	1	1	100	0	0.0000	0	0	True	small_group	embedding_or_candidate_recall_attention	xwiki__xwiki_platform::CVE-2022-23621
gl_mech_0190	mech_object_owner_scope_missing_authz	1	0	100	0	0.0000	0	0	True	small_group	embedding_or_candidate_recall_attention,missing_recall_rows	erudika__para::CVE-2022-1848
gl_mech_0198	mech_object_owner_scope_missing_authz	1	0	100	0	0.0000	0	0	True	small_group	embedding_or_candidate_recall_attention,missing_recall_rows	xwiki-contrib__application-changerequest::CVE-2023-49280
gl_mech_0114	pending_mech_cluster_19_missing_slot_property_validation_before_item_transfer	1	1	100	0	0.0000	1	-1	False	small_group,pending_review	guideline_pending_review,guideline_quality_attention,recall_regression_attention	mezz__justenoughitems::CVE-2024-41565
gl_mech_0173	mech_template_expression_untrusted_eval	7	3	100	1	0.1429	2	-1	True	n/a	recall_regression_attention,missing_recall_rows	xwiki__xwiki-commons::CVE-2023-36471,xwiki__xwiki-commons::CVE-2024-31996,xwiki__xwiki-rendering::CVE-2025-66474,xwiki__xwiki_platform::CVE-2023-46731,xwiki__xwiki_platform::CVE-2024-31465,xwiki__xwiki_platform::CVE-2024-31982
gl_mech_0013	mech_path_traversal_missing_canonical_prefix	21	1	100	1	0.0476	1	0	False	mixed_hcvr	guideline_quality_attention,missing_recall_rows	94fzb__zrlog-plugin-backup-sql-file::CVE-2024-57669,apache__jclouds::CVE-2025-24961,dspace__dspace::CVE-2022-31194,feiyuchuixue__sz-boot-parent::CVE-2026-3188,gaul__s3proxy::CVE-2025-24961,geowebcache__geowebcache::CVE-2024-24749,graylog2__graylog2-server::CVE-2023-41044,jlangch__venice::CVE-2022-36007,jmix-framework__jmix::CVE-2025-32950,obiba__opal::CVE-2025-27101
gl_mech_0007	mech_path_traversal_missing_canonical_prefix	19	1	100	1	0.0526	1	0	False	mixed_hcvr	guideline_quality_attention,missing_recall_rows	bspkrs__mcpmappingviewer::CVE-2022-4494,cbeust__testng::CVE-2022-4065,codehaus-plexus__plexus-archiver::CVE-2018-1002200,codehaus-plexus__plexus-archiver::CVE-2023-37460,davemckain__qtiworks::CVE-2022-39367,diffplug__goomph::CVE-2022-26049,drogatkin__tjws2::CVE-2022-4594,dspace__dspace::CVE-2022-31195,fusesource__hawtjni::CVE-2013-2035,gradle__gradle::CVE-2023-44387
gl_mech_0002	mech_xml_external_entity_resolution	11	0	100	0	0.0000	0	0	False	mixed_hcvr,mixed_cwe	guideline_quality_attention,missing_recall_rows	allure-framework__allure2::CVE-2025-52888,apache__cxf-fediz::CVE-2018-8038,aws_amplify__aws_sdk_android::CVE-2022-4725,bonitasoft__bonita-connector-webservice::CVE-2020-36640,dbeaver__dbeaver::CVE-2021-3836,gturri__axmlrpc::CVE-2020-36641,htmlunit__htmlunit::CVE-2023-26119,jmurty__java-xmlbuilder::CVE-2014-125087,kiegroup__jbpm-designer::CVE-2017-7545,powsybl__powsybl-core::CVE-2025-47293
gl_mech_0129	mech_missing_authentication_before_privileged_action	9	1	100	1	0.1111	1	0	False	mixed_hcvr,mixed_cwe	guideline_quality_attention,missing_recall_rows	booklore-app__booklore::CVE-2025-62614,dtstack__taier::CVE-2026-11618,geysermc__geyser::CVE-2021-39177,grassrootza__grassroot-platform::CVE-2021-29455,manydesigns__portofino::CVE-2021-29451,micronaut-projects__micronaut-security::CVE-2023-36820,openidentityplatform__openam::CVE-2023-37471,wildfly-security__wildfly-elytron::CVE-2024-12369
gl_mech_0005	mech_temp_file_delete_mkdir_race	8	1	100	0	0.0000	0	0	False	mixed_hcvr	guideline_quality_attention,missing_recall_rows	centic9__jgit-cookbook::CVE-2022-4817,devent__globalpom-utils::CVE-2018-25068,junit-team__junit4::CVE-2020-15250,manydesigns__portofino::CVE-2022-3952,netty__netty::CVE-2022-24823,openkm__document-management-system::CVE-2022-3969,pgjdbc__pgjdbc::CVE-2022-41946,swagger-api__swagger-codegen::CVE-2021-21363
gl_mech_0047	mech_deserialization_untrusted_type_graph	3	1	100	1	0.3333	0	1	False	mixed_hcvr,mixed_cwe	guideline_quality_attention,recall_gain_evidence,missing_recall_rows	nationalsecurityagency__emissary::CVE-2021-32634,powsybl__powsybl-core::CVE-2025-47771
gl_mech_0068	pending_mech_cluster_13_direct_string_concatenation_into_sql_query	3	0	100	0	0.0000	0	0	False	pending_review	guideline_pending_review,guideline_quality_attention,missing_recall_rows	kyuubl__school-register::CVE-2015-10047,ssn2013__cis450project::CVE-2015-10020,tbezman__school-store::CVE-2014-125047
gl_mech_0073	pending_mech_cluster_14_sql_injection_mitigated_by_input_escaping	3	0	100	0	0.0000	0	0	False	pending_review	guideline_pending_review,guideline_quality_attention,missing_recall_rows	dashbuilder__dashbuilder::CVE-2016-4999,dhis2__dhis2-core::CVE-2022-24848,geoserver__geoserver::CVE-2023-25157
gl_mech_0082	mech_privileged_server_side_capability_exposed	3	0	100	0	0.0000	0	0	False	mixed_cwe	guideline_quality_attention,missing_recall_rows	hibernate__hibernate-validator::CVE-2019-10219,xwiki__xwiki-commons::CVE-2023-29201,xwiki__xwiki-commons::CVE-2023-29528
gl_mech_0087	pending_mech_cluster_16_missing_context_dependent_output_encoding	3	0	100	0	0.0000	0	0	False	mixed_hcvr,mixed_cwe,pending_review	guideline_pending_review,guideline_quality_attention,missing_recall_rows	erudika__para::CVE-2022-1782,jstachio__jstachio::CVE-2023-33962,opentsdb__opentsdb::CVE-2023-36812
gl_mech_0118	mech_toctou_mutable_object_reuse	3	0	100	0	0.0000	0	0	False	mixed_cwe	guideline_quality_attention,missing_recall_rows	fasterxml__jackson-dataformats-binary::CVE-2020-28491,rabbitmq__rabbitmq-java-client::CVE-2023-46120,xerial__snappy-java::CVE-2023-34455
gl_mech_0006	pending_mech_cluster_1_insecure_default_permissions_on_temporary_files_created_with_file_crea	2	0	100	0	0.0000	0	0	False	pending_review	guideline_pending_review,guideline_quality_attention,missing_recall_rows	codelibs__fess::CVE-2025-48382,tdunning__pig-vector::CVE-2022-4641
gl_mech_0017	pending_mech_cluster_4_missing_allow_list_for_inline_content_disposition_leading_to_xss	2	0	100	0	0.0000	0	0	False	pending_review	guideline_pending_review,guideline_quality_attention,missing_recall_rows	cuba-platform__jpawebapi::CVE-2025-32961,cuba-platform__restapi::CVE-2025-32960
gl_mech_0050	mech_jndi_untrusted_lookup_target	2	1	100	0	0.0000	0	0	False	mixed_hcvr	guideline_quality_attention,missing_recall_rows	apache__axis-axis1-java::CVE-2023-51441,dataease__dataease::CVE-2025-58045
gl_mech_0075	mech_jndi_untrusted_lookup_target	2	0	100	0	0.0000	0	0	False	mixed_hcvr,mixed_cwe	guideline_quality_attention,missing_recall_rows	gocd__gocd-ldap-authentication-plugin::CVE-2022-24832,jdhwpgmbca__pcapture::CVE-2021-39196
gl_mech_0084	pending_mech_cluster_16_incomplete_dom_node_handling_in_sanitization	2	0	100	0	0.0000	0	0	False	pending_review	guideline_pending_review,guideline_quality_attention,missing_recall_rows	nahsra__antisamy::CVE-2022-28367,nahsra__antisamy::CVE-2022-29577
gl_mech_0132	pending_mech_cluster_23_missing_cryptographic_token_verification	2	0	100	0	0.0000	0	0	False	mixed_cwe,pending_review	guideline_pending_review,guideline_quality_attention,missing_recall_rows	nimble-platform__common::CVE-2021-32631,pac4j__pac4j::CVE-2021-44878
gl_mech_0011	pending_mech_cluster_3_unsanitized_input_in_dynamically_generated_code	1	0	100	0	0.0000	0	0	False	small_group,pending_review	guideline_pending_review,guideline_quality_attention,missing_recall_rows	geosolutions_it__jai_ext::CVE-2022-24816
gl_mech_0019	pending_mech_cluster_4_unbounded_file_upload_size_causing_disk_exhaustion	1	1	100	1	1.0000	0	1	False	small_group,pending_review	guideline_pending_review,guideline_quality_attention,recall_gain_evidence	n/a
gl_mech_0029	pending_mech_cluster_6_credential_leakage_in_build_test_outputs	1	1	100	1	1.0000	0	1	False	small_group,pending_review	guideline_pending_review,guideline_quality_attention,recall_gain_evidence	n/a
gl_mech_0031	pending_mech_cluster_6_os_command_injection_via_unsanitized_shell_metacharacters	1	0	100	0	0.0000	0	0	False	small_group,pending_review	guideline_pending_review,guideline_quality_attention,missing_recall_rows	codehaus-plexus__plexus-utils::CVE-2017-1000487
gl_mech_0037	pending_mech_cluster_8_direct_string_interpolation_of_sensitive_values_without_redaction	1	1	100	1	1.0000	1	0	False	small_group,pending_review	guideline_pending_review,guideline_quality_attention	n/a
gl_mech_0039	pending_mech_cluster_8_missing_field_level_redaction_on_serialized_structured_data	1	0	100	0	0.0000	0	0	False	small_group,pending_review	guideline_pending_review,guideline_quality_attention,missing_recall_rows	snowflakedb__snowflake-jdbc::CVE-2025-27496
gl_mech_0057	pending_mech_cluster_11_insufficient_input_validation_in_jdbc_jndi_url_construction_and_sql_q	1	0	100	0	0.0000	0	0	False	small_group,pending_review	guideline_pending_review,guideline_quality_attention,missing_recall_rows	folio-org__spring-module-core::CVE-2022-4963
gl_mech_0085	pending_mech_cluster_16_incomplete_regex_for_attribute_event_handler_detection	1	0	100	0	0.0000	0	0	False	small_group,pending_review	guideline_pending_review,guideline_quality_attention,missing_recall_rows	xwiki__xwiki-commons::CVE-2023-31126
gl_mech_0096	mech_ssrf_redirect_following_client	1	0	100	0	0.0000	0	0	False	small_group,mixed_cwe	guideline_quality_attention,missing_recall_rows	jooby-project__jooby::CVE-2020-7622
gl_mech_0112	pending_mech_cluster_19_missing_gui_state_synchronization_for_bundle_items	1	1	100	1	1.0000	1	0	False	small_group,pending_review	guideline_pending_review,guideline_quality_attention	n/a
gl_mech_0113	pending_mech_cluster_19_missing_player_identity_in_storage_update_context	1	1	100	1	1.0000	1	0	False	small_group,pending_review	guideline_pending_review,guideline_quality_attention	n/a
gl_mech_0116	pending_mech_cluster_20_use_of_non_cryptographic_prng_for_security_sensitive_values	1	0	100	0	0.0000	0	0	False	small_group,mixed_cwe,pending_review	guideline_pending_review,guideline_quality_attention,missing_recall_rows	airsonic__airsonic::CVE-2019-10908
gl_mech_0124	pending_mech_cluster_21_off_by_one_in_byte_counting_ignores_zero_value_bytes	1	0	100	0	0.0000	0	0	False	small_group,pending_review	guideline_pending_review,guideline_quality_attention,missing_recall_rows	netty__netty::CVE-2025-25193
gl_mech_0149	pending_mech_cluster_26_missing_public_key_hash_commitment_check_in_signature_verification	1	0	100	0	0.0000	0	0	False	small_group,pending_review	guideline_pending_review,guideline_quality_attention,missing_recall_rows	bitcoinj__bitcoinj::CVE-2026-44714
gl_mech_0152	pending_mech_cluster_26_weak_cryptographic_hash_algorithm_used_for_digital_signatures	1	0	100	0	0.0000	0	0	False	small_group,pending_review	guideline_pending_review,guideline_quality_attention,missing_recall_rows	nationalsecurityagency__emissary::CVE-2025-27508
gl_mech_0004	mech_path_traversal_missing_canonical_prefix	0	0	100	0	n/a	0	0	False	source_only_no_case_metadata	guideline_quality_attention	n/a
gl_mech_0014	mech_request_body_resource_mismatch_authz	0	0	100	0	n/a	0	0	False	source_only_no_case_metadata	guideline_quality_attention	n/a
gl_mech_0015	mech_ssrf_webhook_url_fetch	0	0	100	0	n/a	0	0	False	source_only_no_case_metadata	guideline_quality_attention	n/a
gl_mech_0016	mech_toctou_mutable_object_reuse	0	0	100	0	n/a	0	0	False	source_only_no_case_metadata	guideline_quality_attention	n/a
gl_mech_0018	pending_mech_cluster_4_missing_file_type_validation_extension_mime_allow_list_in_upload	0	0	100	0	n/a	0	0	False	source_only_no_case_metadata,pending_review	guideline_pending_review,guideline_quality_attention	n/a
gl_mech_0020	mech_missing_authentication_before_privileged_action	0	0	100	0	n/a	0	0	False	source_only_no_case_metadata	guideline_quality_attention	n/a
gl_mech_0023	mech_ssrf_redirect_following_client	0	0	100	0	n/a	0	0	False	source_only_no_case_metadata	guideline_quality_attention	n/a
gl_mech_0026	mech_object_owner_scope_missing_authz	0	0	100	0	n/a	0	0	False	source_only_no_case_metadata	guideline_quality_attention	n/a
gl_mech_0027	mech_open_redirect_unsafe_uri_scheme	0	0	100	0	n/a	0	0	False	source_only_no_case_metadata	guideline_quality_attention	n/a
gl_mech_0028	pending_mech_cluster_6_arbitrary_command_execution_via_user_controlled_executable_path	0	0	100	0	n/a	0	0	False	source_only_no_case_metadata,pending_review	guideline_pending_review,guideline_quality_attention	n/a
gl_mech_0030	pending_mech_cluster_6_null_byte_injection_in_process_execution	0	0	100	0	n/a	0	0	False	source_only_no_case_metadata,pending_review	guideline_pending_review,guideline_quality_attention	n/a
gl_mech_0033	pending_mech_cluster_7_annotation_based_whitelist	0	0	100	0	n/a	0	0	False	source_only_no_case_metadata,pending_review	guideline_pending_review,guideline_quality_attention	n/a
gl_mech_0034	pending_mech_cluster_7_direct_safeconstructor_replacement	0	0	100	0	n/a	0	0	False	source_only_no_case_metadata,pending_review	guideline_pending_review,guideline_quality_attention	n/a
gl_mech_0035	pending_mech_cluster_7_singletypeconstructor_restriction	0	0	100	0	n/a	0	0	False	source_only_no_case_metadata,pending_review	guideline_pending_review,guideline_quality_attention	n/a
gl_mech_0038	pending_mech_cluster_8_failure_to_merge_existing_redaction_rules_when_constructing_new_loggin	0	0	100	0	n/a	0	0	False	source_only_no_case_metadata,pending_review	guideline_pending_review,guideline_quality_attention	n/a
gl_mech_0040	pending_mech_cluster_8_missing_redaction_of_sensitive_data_before_logging	0	0	100	0	n/a	0	0	False	source_only_no_case_metadata,pending_review	guideline_pending_review,guideline_quality_attention	n/a
gl_mech_0041	mech_bean_property_reflection_escape	0	0	100	0	n/a	0	0	False	source_only_no_case_metadata	guideline_quality_attention	n/a
gl_mech_0042	mech_deserialization_untrusted_type_graph	0	0	100	0	n/a	0	0	False	source_only_no_case_metadata	guideline_quality_attention	n/a
gl_mech_0043	mech_jndi_untrusted_lookup_target	0	0	100	0	n/a	0	0	False	source_only_no_case_metadata	guideline_quality_attention	n/a
gl_mech_0044	mech_xml_external_entity_resolution	0	0	100	0	n/a	0	0	False	source_only_no_case_metadata	guideline_quality_attention	n/a
gl_mech_0045	pending_mech_cluster_9_arbitrary_class_instantiation_from_user_controlled_class_name_without_	0	0	100	0	n/a	0	0	False	source_only_no_case_metadata,pending_review	guideline_pending_review,guideline_quality_attention	n/a
gl_mech_0046	pending_mech_cluster_9_resource_exhaustion_via_recursive_collection_references_during_deseria	0	0	100	0	n/a	0	0	False	source_only_no_case_metadata,pending_review	guideline_pending_review,guideline_quality_attention	n/a
gl_mech_0048	mech_object_owner_scope_missing_authz	0	0	100	0	n/a	0	0	False	source_only_no_case_metadata	guideline_quality_attention	n/a
gl_mech_0049	mech_deserialization_untrusted_type_graph	0	0	100	0	n/a	0	0	False	source_only_no_case_metadata	guideline_quality_attention	n/a
gl_mech_0052	mech_path_traversal_missing_canonical_prefix	0	0	100	0	n/a	0	0	False	source_only_no_case_metadata	guideline_quality_attention	n/a
gl_mech_0053	mech_request_body_resource_mismatch_authz	0	0	100	0	n/a	0	0	False	source_only_no_case_metadata	guideline_quality_attention	n/a
gl_mech_0054	mech_ssrf_redirect_following_client	0	0	100	0	n/a	0	0	False	source_only_no_case_metadata	guideline_quality_attention	n/a
gl_mech_0055	mech_ssrf_webhook_url_fetch	0	0	100	0	n/a	0	0	False	source_only_no_case_metadata	guideline_quality_attention	n/a
gl_mech_0056	mech_toctou_mutable_object_reuse	0	0	100	0	n/a	0	0	False	source_only_no_case_metadata	guideline_quality_attention	n/a
gl_mech_0058	pending_mech_cluster_11_sql_injection_via_direct_string_concatenation	0	0	100	0	n/a	0	0	False	source_only_no_case_metadata,pending_review	guideline_pending_review,guideline_quality_attention	n/a
gl_mech_0059	mech_missing_authentication_before_privileged_action	0	0	100	0	n/a	0	0	False	source_only_no_case_metadata	guideline_quality_attention	n/a
gl_mech_0060	mech_privileged_server_side_capability_exposed	0	0	100	0	n/a	0	0	False	source_only_no_case_metadata	guideline_quality_attention	n/a
gl_mech_0061	mech_state_precondition_missing_before_effect	0	0	100	0	n/a	0	0	False	source_only_no_case_metadata	guideline_quality_attention	n/a
gl_mech_0062	mech_template_expression_untrusted_eval	0	0	100	0	n/a	0	0	False	source_only_no_case_metadata	guideline_quality_attention	n/a
gl_mech_0063	mech_toctou_mutable_object_reuse	0	0	100	0	n/a	0	0	False	source_only_no_case_metadata	guideline_quality_attention	n/a
gl_mech_0064	pending_mech_cluster_12_incomplete_hql_structural_validation_allowing_injection_via_where_or_	0	0	100	0	n/a	0	0	False	source_only_no_case_metadata,pending_review	guideline_pending_review,guideline_quality_attention	n/a
gl_mech_0065	pending_mech_cluster_12_missing_allow_list_validation_for_order_by_column_names	0	0	100	0	n/a	0	0	False	source_only_no_case_metadata,pending_review	guideline_pending_review,guideline_quality_attention	n/a
gl_mech_0066	pending_mech_cluster_12_missing_configuration_check_for_sorting_on_obfuscated_fields	0	0	100	0	n/a	0	0	False	source_only_no_case_metadata,pending_review	guideline_pending_review,guideline_quality_attention	n/a
gl_mech_0067	mech_missing_authentication_before_privileged_action	0	0	100	0	n/a	0	0	False	source_only_no_case_metadata	guideline_quality_attention	n/a
gl_mech_0069	pending_mech_cluster_13_missing_parameterization_in_sql_query_construction	0	0	100	0	n/a	0	0	False	source_only_no_case_metadata,pending_review	guideline_pending_review,guideline_quality_attention	n/a
gl_mech_0070	mech_missing_authentication_before_privileged_action	0	0	100	0	n/a	0	0	False	source_only_no_case_metadata	guideline_quality_attention	n/a
gl_mech_0071	mech_toctou_mutable_object_reuse	0	0	100	0	n/a	0	0	False	source_only_no_case_metadata	guideline_quality_attention	n/a
gl_mech_0072	pending_mech_cluster_14_insufficient_escaping_or_parameterization_in_sql_query_construction	0	0	100	0	n/a	0	0	False	source_only_no_case_metadata,pending_review	guideline_pending_review,guideline_quality_attention	n/a
gl_mech_0074	pending_mech_cluster_14_sql_injection_mitigated_by_parameterized_queries	0	0	100	0	n/a	0	0	False	source_only_no_case_metadata,pending_review	guideline_pending_review,guideline_quality_attention	n/a
gl_mech_0077	mech_template_expression_untrusted_eval	0	0	100	0	n/a	0	0	False	source_only_no_case_metadata	guideline_quality_attention	n/a
gl_mech_0078	pending_mech_cluster_15_missing_or_improper_ldap_filter_escaping	0	0	100	0	n/a	0	0	False	source_only_no_case_metadata,pending_review	guideline_pending_review,guideline_quality_attention	n/a
gl_mech_0079	mech_missing_authentication_before_privileged_action	0	0	100	0	n/a	0	0	False	source_only_no_case_metadata	guideline_quality_attention	n/a
gl_mech_0080	mech_open_redirect_unsafe_uri_scheme	0	0	100	0	n/a	0	0	False	source_only_no_case_metadata	guideline_quality_attention	n/a
gl_mech_0083	mech_ssrf_webhook_url_fetch	0	0	100	0	n/a	0	0	False	source_only_no_case_metadata	guideline_quality_attention	n/a
gl_mech_0086	pending_mech_cluster_16_incorrect_string_normalization_post_processing	0	0	100	0	n/a	0	0	False	source_only_no_case_metadata,pending_review	guideline_pending_review,guideline_quality_attention	n/a
gl_mech_0088	pending_mech_cluster_16_unbounded_recursion_in_dom_traversal	0	0	100	0	n/a	0	0	False	source_only_no_case_metadata,pending_review	guideline_pending_review,guideline_quality_attention	n/a
gl_mech_0089	mech_deserialization_untrusted_type_graph	0	0	100	0	n/a	0	0	False	source_only_no_case_metadata	guideline_quality_attention	n/a
gl_mech_0090	mech_toctou_mutable_object_reuse	0	0	100	0	n/a	0	0	False	source_only_no_case_metadata	guideline_quality_attention	n/a
gl_mech_0091	pending_mech_cluster_17_infinite_loop_due_to_missing_eof_check_in_comment_parser	0	0	100	0	n/a	0	0	False	source_only_no_case_metadata,pending_review	guideline_pending_review,guideline_quality_attention	n/a
gl_mech_0092	pending_mech_cluster_17_missing_recursion_depth_limit_in_parsing_deserialization	0	0	100	0	n/a	0	0	False	source_only_no_case_metadata,pending_review	guideline_pending_review,guideline_quality_attention	n/a
gl_mech_0093	pending_mech_cluster_17_unbounded_recursion_due_to_missing_cycle_detection_in_binary_deserial	0	0	100	0	n/a	0	0	False	source_only_no_case_metadata,pending_review	guideline_pending_review,guideline_quality_attention	n/a
gl_mech_0094	mech_path_traversal_missing_canonical_prefix	0	0	100	0	n/a	0	0	False	source_only_no_case_metadata	guideline_quality_attention	n/a
gl_mech_0095	mech_request_body_resource_mismatch_authz	0	0	100	0	n/a	0	0	False	source_only_no_case_metadata	guideline_quality_attention	n/a
gl_mech_0098	mech_toctou_mutable_object_reuse	0	0	100	0	n/a	0	0	False	source_only_no_case_metadata	guideline_quality_attention	n/a
gl_mech_0099	pending_mech_cluster_18_bypass_of_header_validation_in_bulk_set	0	0	100	0	n/a	0	0	False	source_only_no_case_metadata,pending_review	guideline_pending_review,guideline_quality_attention	n/a
gl_mech_0100	pending_mech_cluster_18_control_character_validation_in_header_names	0	0	100	0	n/a	0	0	False	source_only_no_case_metadata,pending_review	guideline_pending_review,guideline_quality_attention	n/a
gl_mech_0101	pending_mech_cluster_18_disabled_header_validation_flag	0	0	100	0	n/a	0	0	False	source_only_no_case_metadata,pending_review	guideline_pending_review,guideline_quality_attention	n/a
gl_mech_0102	pending_mech_cluster_18_http_2_continuation_frame_hang	0	0	100	0	n/a	0	0	False	source_only_no_case_metadata,pending_review	guideline_pending_review,guideline_quality_attention	n/a
gl_mech_0103	pending_mech_cluster_18_incorrect_ajp_connection_reuse_flag	0	0	100	0	n/a	0	0	False	source_only_no_case_metadata,pending_review	guideline_pending_review,guideline_quality_attention	n/a
gl_mech_0104	pending_mech_cluster_18_missing_content_length_validation_on_http_2_downgrade	0	0	100	0	n/a	0	0	False	source_only_no_case_metadata,pending_review	guideline_pending_review,guideline_quality_attention	n/a
gl_mech_0105	pending_mech_cluster_18_missing_crlf_validation_in_protocol_fields	0	0	100	0	n/a	0	0	False	source_only_no_case_metadata,pending_review	guideline_pending_review,guideline_quality_attention	n/a
gl_mech_0106	pending_mech_cluster_18_missing_final_chunk_verification	0	0	100	0	n/a	0	0	False	source_only_no_case_metadata,pending_review	guideline_pending_review,guideline_quality_attention	n/a
gl_mech_0107	pending_mech_cluster_18_unsafe_string_split_indexing	0	0	100	0	n/a	0	0	False	source_only_no_case_metadata,pending_review	guideline_pending_review,guideline_quality_attention	n/a
gl_mech_0108	pending_mech_cluster_18_websocket_buffer_leak	0	0	100	0	n/a	0	0	False	source_only_no_case_metadata,pending_review	guideline_pending_review,guideline_quality_attention	n/a
gl_mech_0115	pending_mech_cluster_20_hardcoded_cryptographic_keys_for_token_signing	0	0	100	0	n/a	0	0	False	source_only_no_case_metadata,pending_review	guideline_pending_review,guideline_quality_attention	n/a
gl_mech_0117	mech_path_traversal_missing_canonical_prefix	0	0	100	0	n/a	0	0	False	source_only_no_case_metadata	guideline_quality_attention	n/a
gl_mech_0119	pending_mech_cluster_21_inefficient_parsing_of_duplicate_non_repeated_fields_without_builder_	0	0	100	0	n/a	0	0	False	source_only_no_case_metadata,pending_review	guideline_pending_review,guideline_quality_attention	n/a
gl_mech_0120	pending_mech_cluster_21_infinite_loop_from_unhandled_unknown_protocol_type	0	0	100	0	n/a	0	0	False	source_only_no_case_metadata,pending_review	guideline_pending_review,guideline_quality_attention	n/a
gl_mech_0121	pending_mech_cluster_21_integer_overflow_in_size_length_arithmetic	0	0	100	0	n/a	0	0	False	source_only_no_case_metadata,pending_review	guideline_pending_review,guideline_quality_attention	n/a
gl_mech_0122	pending_mech_cluster_21_invalid_back_reference_offset_in_lz_decompression	0	0	100	0	n/a	0	0	False	source_only_no_case_metadata,pending_review	guideline_pending_review,guideline_quality_attention	n/a
gl_mech_0123	pending_mech_cluster_21_missing_validation_of_container_size_against_available_input	0	0	100	0	n/a	0	0	False	source_only_no_case_metadata,pending_review	guideline_pending_review,guideline_quality_attention	n/a
gl_mech_0125	pending_mech_cluster_21_unbounded_accumulation_of_decompressed_output_chunks	0	0	100	0	n/a	0	0	False	source_only_no_case_metadata,pending_review	guideline_pending_review,guideline_quality_attention	n/a
gl_mech_0126	pending_mech_cluster_21_unbounded_allocation_from_untrusted_length_field	0	0	100	0	n/a	0	0	False	source_only_no_case_metadata,pending_review	guideline_pending_review,guideline_quality_attention	n/a
gl_mech_0130	mech_open_redirect_unsafe_uri_scheme	0	0	100	0	n/a	0	0	False	source_only_no_case_metadata	guideline_quality_attention	n/a
gl_mech_0131	mech_ssrf_webhook_url_fetch	0	0	100	0	n/a	0	0	False	source_only_no_case_metadata	guideline_quality_attention	n/a
gl_mech_0133	pending_mech_cluster_23_missing_token_temporal_validity_checks	0	0	100	0	n/a	0	0	False	source_only_no_case_metadata,pending_review	guideline_pending_review,guideline_quality_attention	n/a
gl_mech_0134	mech_ssrf_webhook_url_fetch	0	0	100	0	n/a	0	0	False	source_only_no_case_metadata	guideline_quality_attention	n/a
gl_mech_0135	mech_template_expression_untrusted_eval	0	0	100	0	n/a	0	0	False	source_only_no_case_metadata	guideline_quality_attention	n/a
gl_mech_0136	pending_mech_cluster_24_full_exception_stack_trace_disclosure_in_error_response	0	0	100	0	n/a	0	0	False	source_only_no_case_metadata,pending_review	guideline_pending_review,guideline_quality_attention	n/a
gl_mech_0137	pending_mech_cluster_24_missing_html_escaping_of_user_controllable_error_content_leading_to_x	0	0	100	0	n/a	0	0	False	source_only_no_case_metadata,pending_review	guideline_pending_review,guideline_quality_attention	n/a
gl_mech_0138	pending_mech_cluster_24_reflected_xss_via_unescaped_query_parameter_in_loading_page	0	0	100	0	n/a	0	0	False	source_only_no_case_metadata,pending_review	guideline_pending_review,guideline_quality_attention	n/a
gl_mech_0139	pending_mech_cluster_24_unbounded_cache_of_attacker_influenced_error_pages	0	0	100	0	n/a	0	0	False	source_only_no_case_metadata,pending_review	guideline_pending_review,guideline_quality_attention	n/a
gl_mech_0142	mech_request_body_resource_mismatch_authz	0	0	100	0	n/a	0	0	False	source_only_no_case_metadata	guideline_quality_attention	n/a
gl_mech_0144	mech_template_expression_untrusted_eval	0	0	100	0	n/a	0	0	False	source_only_no_case_metadata	guideline_quality_attention	n/a
gl_mech_0145	pending_mech_cluster_25_missing_html_encoding_or_sanitization_of_user_input_before_rendering	0	0	100	0	n/a	0	0	False	source_only_no_case_metadata,pending_review	guideline_pending_review,guideline_quality_attention	n/a
gl_mech_0146	pending_mech_cluster_25_missing_html_entity_encoding_in_output_rendering	0	0	100	0	n/a	0	0	False	source_only_no_case_metadata,pending_review	guideline_pending_review,guideline_quality_attention	n/a
gl_mech_0147	mech_toctou_mutable_object_reuse	0	0	100	0	n/a	0	0	False	source_only_no_case_metadata	guideline_quality_attention	n/a
gl_mech_0148	pending_mech_cluster_26_empty_signature_set_allowed_in_verification_loop	0	0	100	0	n/a	0	0	False	source_only_no_case_metadata,pending_review	guideline_pending_review,guideline_quality_attention	n/a
gl_mech_0150	pending_mech_cluster_26_non_strict_der_encoding_validation_in_signature_parsing	0	0	100	0	n/a	0	0	False	source_only_no_case_metadata,pending_review	guideline_pending_review,guideline_quality_attention	n/a
gl_mech_0151	pending_mech_cluster_26_signature_verification_over_hash_digest_instead_of_full_signed_data	0	0	100	0	n/a	0	0	False	source_only_no_case_metadata,pending_review	guideline_pending_review,guideline_quality_attention	n/a
gl_mech_0153	mech_path_traversal_missing_canonical_prefix	0	0	100	0	n/a	0	0	False	source_only_no_case_metadata	guideline_quality_attention	n/a
gl_mech_0154	mech_toctou_mutable_object_reuse	0	0	100	0	n/a	0	0	False	source_only_no_case_metadata	guideline_quality_attention	n/a
gl_mech_0155	pending_mech_cluster_27_cbc_unpadding_before_mac_verification_enabling_padding_oracle	0	0	100	0	n/a	0	0	False	source_only_no_case_metadata,pending_review	guideline_pending_review,guideline_quality_attention	n/a
gl_mech_0156	pending_mech_cluster_27_defaulting_to_ecb_mode_without_initialization_vector	0	0	100	0	n/a	0	0	False	source_only_no_case_metadata,pending_review	guideline_pending_review,guideline_quality_attention	n/a
gl_mech_0157	pending_mech_cluster_27_insufficient_primality_test_rounds_due_to_incorrect_parameter_selecti	0	0	100	0	n/a	0	0	False	source_only_no_case_metadata,pending_review	guideline_pending_review,guideline_quality_attention	n/a
gl_mech_0158	pending_mech_cluster_27_missing_carry_propagation_in_arithmetic_operations	0	0	100	0	n/a	0	0	False	source_only_no_case_metadata,pending_review	guideline_pending_review,guideline_quality_attention	n/a
gl_mech_0159	pending_mech_cluster_27_secret_dependent_code_paths_or_memory_accesses_enabling_side_channels	0	0	100	0	n/a	0	0	False	source_only_no_case_metadata,pending_review	guideline_pending_review,guideline_quality_attention	n/a
gl_mech_0160	mech_missing_authentication_before_privileged_action	0	0	100	0	n/a	0	0	False	source_only_no_case_metadata	guideline_quality_attention	n/a
gl_mech_0161	mech_object_owner_scope_missing_authz	0	0	100	0	n/a	0	0	False	source_only_no_case_metadata	guideline_quality_attention	n/a
gl_mech_0162	mech_privileged_server_side_capability_exposed	0	0	100	0	n/a	0	0	False	source_only_no_case_metadata	guideline_quality_attention	n/a
gl_mech_0163	mech_request_body_resource_mismatch_authz	0	0	100	0	n/a	0	0	False	source_only_no_case_metadata	guideline_quality_attention	n/a
gl_mech_0164	mech_ssrf_webhook_url_fetch	0	0	100	0	n/a	0	0	False	source_only_no_case_metadata	guideline_quality_attention	n/a
gl_mech_0165	mech_missing_authentication_before_privileged_action	0	0	100	0	n/a	0	0	False	source_only_no_case_metadata	guideline_quality_attention	n/a
gl_mech_0167	mech_missing_authentication_before_privileged_action	0	0	100	0	n/a	0	0	False	source_only_no_case_metadata	guideline_quality_attention	n/a
gl_mech_0168	mech_template_expression_untrusted_eval	0	0	100	0	n/a	0	0	False	source_only_no_case_metadata	guideline_quality_attention	n/a
gl_mech_0170	pending_mech_cluster_30_missing_html_entity_encoding_in_html_content_and_attributes	0	0	100	0	n/a	0	0	False	source_only_no_case_metadata,pending_review	guideline_pending_review,guideline_quality_attention	n/a
gl_mech_0171	pending_mech_cluster_30_missing_javascript_context_escaping_in_server_generated_javascript_co	0	0	100	0	n/a	0	0	False	source_only_no_case_metadata,pending_review	guideline_pending_review,guideline_quality_attention	n/a
gl_mech_0172	mech_privileged_server_side_capability_exposed	0	0	100	0	n/a	0	0	False	source_only_no_case_metadata	guideline_quality_attention	n/a
gl_mech_0174	pending_mech_cluster_31_direct_code_evaluation_without_sanitization	0	0	100	0	n/a	0	0	False	source_only_no_case_metadata,pending_review	guideline_pending_review,guideline_quality_attention	n/a
gl_mech_0175	pending_mech_cluster_31_missing_html_xml_escaping_in_template_output	0	0	100	0	n/a	0	0	False	source_only_no_case_metadata,pending_review	guideline_pending_review,guideline_quality_attention	n/a
gl_mech_0176	pending_mech_cluster_31_uncaught_stackoverflow_error	0	0	100	0	n/a	0	0	False	source_only_no_case_metadata,pending_review	guideline_pending_review,guideline_quality_attention	n/a
gl_mech_0178	mech_deserialization_untrusted_type_graph	0	0	100	0	n/a	0	0	False	source_only_no_case_metadata	guideline_quality_attention	n/a
gl_mech_0179	mech_missing_authentication_before_privileged_action	0	0	100	0	n/a	0	0	False	source_only_no_case_metadata	guideline_quality_attention	n/a
gl_mech_0180	mech_object_owner_scope_missing_authz	0	0	100	0	n/a	0	0	False	source_only_no_case_metadata	guideline_quality_attention	n/a
gl_mech_0181	mech_template_expression_untrusted_eval	0	0	100	0	n/a	0	0	False	source_only_no_case_metadata	guideline_quality_attention	n/a
gl_mech_0182	mech_toctou_mutable_object_reuse	0	0	100	0	n/a	0	0	False	source_only_no_case_metadata	guideline_quality_attention	n/a
gl_mech_0183	pending_mech_cluster_33_sensitive_data_exposure_via_missing_field_type_checks_in_query_buildi	0	0	100	0	n/a	0	0	False	source_only_no_case_metadata,pending_review	guideline_pending_review,guideline_quality_attention	n/a
gl_mech_0184	pending_mech_cluster_33_unbounded_memory_allocation_from_user_controlled_object_index	0	0	100	0	n/a	0	0	False	source_only_no_case_metadata,pending_review	guideline_pending_review,guideline_quality_attention	n/a
gl_mech_0185	pending_mech_cluster_33_unbounded_query_result_size_due_to_missing_configurable_limit	0	0	100	0	n/a	0	0	False	source_only_no_case_metadata,pending_review	guideline_pending_review,guideline_quality_attention	n/a
gl_mech_0189	mech_missing_authentication_before_privileged_action	0	0	100	0	n/a	0	0	False	source_only_no_case_metadata	guideline_quality_attention	n/a
gl_mech_0192	pending_mech_cluster_35_hardcoded_predictable_email_for_service_accounts	0	0	100	0	n/a	0	0	False	source_only_no_case_metadata,pending_review	guideline_pending_review,guideline_quality_attention	n/a
gl_mech_0193	pending_mech_cluster_35_token_not_invalidated_after_use	0	0	100	0	n/a	0	0	False	source_only_no_case_metadata,pending_review	guideline_pending_review,guideline_quality_attention	n/a
gl_mech_0194	mech_missing_authentication_before_privileged_action	0	0	100	0	n/a	0	0	False	source_only_no_case_metadata	guideline_quality_attention	n/a
gl_mech_0195	mech_privileged_server_side_capability_exposed	0	0	100	0	n/a	0	0	False	source_only_no_case_metadata	guideline_quality_attention	n/a
gl_mech_0196	mech_ssrf_webhook_url_fetch	0	0	100	0	n/a	0	0	False	source_only_no_case_metadata	guideline_quality_attention	n/a
gl_mech_0197	pending_mech_cluster_36_missing_propagation_of_restricted_execution_context_flag	0	0	100	0	n/a	0	0	False	source_only_no_case_metadata,pending_review	guideline_pending_review,guideline_quality_attention	n/a
gl_mech_0200	mech_ssrf_webhook_url_fetch	0	0	100	0	n/a	0	0	False	source_only_no_case_metadata	guideline_quality_attention	n/a
gl_mech_0201	mech_missing_authentication_before_privileged_action	0	0	100	0	n/a	0	0	False	source_only_no_case_metadata	guideline_quality_attention	n/a
gl_mech_0202	mech_object_owner_scope_missing_authz	0	0	100	0	n/a	0	0	False	source_only_no_case_metadata	guideline_quality_attention	n/a
gl_mech_0003	mech_object_owner_scope_missing_authz	4	1	100	1	0.2500	1	0	True	n/a	missing_recall_rows	cowtowncoder__java-merge-sort::CVE-2022-24913,snowflakedb__snowflake-jdbc::CVE-2025-24790,swagger-api__swagger-codegen::CVE-2021-21364
gl_mech_0187	mech_object_owner_scope_missing_authz	3	3	100	1	0.3333	0	1	True	n/a	recall_gain_evidence	jeecgboot__jeecgboot::CVE-2025-14908,sanluan__publiccms::CVE-2026-2010
gl_mech_0036	mech_missing_authentication_before_privileged_action	1	1	100	1	1.0000	0	1	True	small_group	recall_gain_evidence	n/a
gl_mech_0109	mech_object_owner_scope_missing_authz	1	1	100	1	1.0000	0	1	True	small_group	recall_gain_evidence	n/a
gl_mech_0111	mech_state_precondition_missing_before_effect	1	1	100	1	1.0000	1	0	True	small_group	n/a	n/a
gl_mech_0128	mech_object_owner_scope_missing_authz	1	1	100	1	1.0000	1	0	True	small_group	n/a	n/a
gl_mech_0191	mech_request_body_resource_mismatch_authz	1	1	100	1	1.0000	1	0	True	small_group	n/a	n/a
gl_mech_0199	mech_privileged_server_side_capability_exposed	1	1	100	1	1.0000	1	0	True	small_group	n/a	n/a
